salary,job_url,job_enterprise,date,job_place,job_name
4500-5999/月,http://jobs.51job.com/shanghai/83218288.html?s=0,上海西线教育科技有限公司,11-08,上海,数据挖掘实习生/助理
4500-5999/月,http://jobs.51job.com/shanghai/83218062.html?s=0,崇盈(上海)信息技术有限公司,11-08,上海,数据挖掘实习生/助理
Null,http://jobs.51job.com/shanghai/67301571.html?s=0,万达信息股份有限公司,11-08,上海,数据挖掘工程师
10000-14999/月,http://jobs.51job.com/jinan-gxq/83213693.html?s=0,山东睿益环境技术有限公司,11-08,济南-高新区,数据挖掘高级工程师
15000-25000/月,http://jobs.51job.com/beijing/83210616.html?s=0,北京瑞星信息技术股份有限公司,11-08,北京,数据挖掘工程师
20000-30000/月,http://jobs.51job.com/shanghai-zbq/83209184.html?s=0,心梦想（上海）信息科技有限公司,11-08,上海-闸北区,数据挖掘
3000-4499/月,http://jobs.51job.com/shanghai-cnq/83208926.html?s=0,上海凭安网络科技有限公司,11-08,上海-长宁区,数据挖掘助理（实习生）
15000-19999/月,http://jobs.51job.com/beijing/73702965.html?s=0,北京车网互联科技有限公司,11-08,北京,数据挖掘工程师
10000-14999/月,http://jobs.51job.com/beijing/80045057.html?s=0,北京思创贯宇科技开发有限公司,11-08,北京,数据挖掘算法工程师
1000-10000/月,http://jobs.51job.com/beijing-hdq/59958170.html?s=0,华北计算技术研究所（中国电子科技集团公司第十五研究所 ）,11-08,北京-海淀区,软件研发工程师（数据挖掘方向）
15000-19999/月,http://jobs.51job.com/shenzhen-nsq/76767532.html?s=0,深圳市爱听卓乐文化科技有限公司,11-08,深圳-南山区,高级数据挖掘工程师
5000-8000/月,http://jobs.51job.com/chengdu-gxq/83186880.html?s=0,深圳柠檬金融信息服务有限公司,11-08,成都-高新区,数据挖掘工程师
30000-60000/月,http://jobs.51job.com/beijing/82494070.html?s=0,北京和光方同信息技术咨询有限公司,11-08,北京,数据挖掘工程师
15000-25000/月,http://jobs.51job.com/hangzhou-gsq/83166307.html?s=0,杭州枫灼网络科技有限公司,11-08,杭州-拱墅区,数据挖掘工程师
6000-7999/月,http://jobs.51job.com/erqiqu/83177704.html?s=0,郑州多美电子科技有限公司,11-08,郑州-二七区,急聘数据挖掘分析师
10000-15000/月,http://jobs.51job.com/beijing/83059457.html?s=0,北京开卷信息技术有限公司,11-08,北京,初级数据挖掘
10000-20000/月,http://jobs.51job.com/beijing-hdq/83179053.html?s=0,北京优易惠技术有限公司,11-08,北京-海淀区,数据挖掘工程师
6000-7999/月,http://jobs.51job.com/xian/83168495.html?s=0,北京威派格科技发展有限公司,11-08,西安,数据分析、数据挖掘工程师(上海)
6000-10000/月,http://jobs.51job.com/xian/83159765.html?s=0,北京东方国信科技股份有限公司,11-08,异地招聘,数据挖掘/分析工程师(YDSY)
6000-7999/月,http://jobs.51job.com/jinan-lcq/83072389.html?s=0,济南仙汤姆生物技术有限公司,11-08,济南-历城区,数据挖掘工程师
8000-9999/月,http://jobs.51job.com/chengdu/83010934.html?s=0,上海塔罗信息技术有限公司,11-08,成都,数据挖掘工程师
8000-9999/月,http://jobs.51job.com/beijing-cyq/82297853.html?s=0,欢网科技有限责任公司,11-08,北京-朝阳区,数据挖掘工程师
15000-25000/月,http://jobs.51job.com/beijing-hdq/82289261.html?s=0,北京北大英华科技有限公司,11-08,北京-海淀区,数据挖掘与可视化工程师
10000-14999/月,http://jobs.51job.com/shanghai-xhq/81757534.html?s=0,上海海万信息科技有限公司,11-08,上海-徐汇区,大数据挖掘工程师
6000-12000/月,http://jobs.51job.com/chengdu/78766136.html?s=0,深圳市博雅成信金融服务有限公司,11-08,成都,数据挖掘工程师（spark 数据分析 数据挖掘 风控）
20000-24999/月,http://jobs.51job.com/shanghai-pdxq/75798912.html?s=0,沪江,11-08,上海-浦东新区,数据挖掘分析师
8000-12000/月,http://jobs.51job.com/shenzhen/72463267.html?s=0,深圳市爱贝信息技术有限公司,11-08,深圳,数据挖掘工程师
8000-15000/月,http://jobs.51job.com/beijing/70858564.html?s=0,北京国药诚信资讯发展有限公司,11-08,北京,数据挖掘分析师
25000-29999/月,http://jobs.51job.com/shenzhen-nsq/82703923.html?s=0,深圳市微屏互动信息技术有限公司,11-08,深圳-南山区,高级数据挖掘工程师
5000-7000/月,http://jobs.51job.com/guangzhou/82677983.html?s=0,广东精一规划信息科技股份有限公司,11-08,广州,GIS专业技术工程师（大数据挖掘研究）
20000-30000/月,http://jobs.51job.com/guangzhou/81643115.html?s=0,广州市赛酷比软件有限公司,11-08,广州,数据挖掘高级算法工程师
10000-14999/月,http://jobs.51job.com/beijing/83158370.html?s=0,凡卡畅驰（北京）科技有限公司,11-08,北京,数据挖掘、数据营销、技术营销、网络营销
Null,http://jobs.51job.com/shanghai-pdxq/79425073.html?s=0,兴业数字金融服务（上海）股份有限公司,11-08,上海-浦东新区,机器学习/数据挖掘研究员
15000-19999/月,http://jobs.51job.com/shanghai/83138176.html?s=0,上海佰晟通信息科技有限公司,11-08,上海,数据挖掘工程师
10000-14999/月,http://jobs.51job.com/hangzhou-xcq/83083973.html?s=0,北京科莱特信息技术有限公司杭州分公司,11-08,杭州-下城区,数据挖掘
6000-10000/月,http://jobs.51job.com/yiwu/83144157.html?s=0,浙江森宇药业有限公司,11-08,义乌,网络数据挖掘/分析
10000-14999/月,http://jobs.51job.com/beijing-dcq/81174196.html?s=0,中家卓智（北京）传媒科技有限公司,11-08,北京-东城区,数据挖掘
20000-24999/月,http://jobs.51job.com/beijing/77901644.html?s=0,北京掌中彩信息科技有限公司,11-08,北京,数据挖掘工程师
10000-14999/月,http://jobs.51job.com/beijing/82288583.html?s=0,北京冠新医卫软件科技有限公司,11-08,北京,数据挖掘工程师
10000-20000/月,http://jobs.51job.com/beijing-hdq/74903468.html?s=0,亿海蓝（船讯网）,11-08,北京-海淀区,数据挖掘工程师
15000-30000/月,http://jobs.51job.com/hangzhou/79816212.html?s=0,杭州魔蝎数据科技有限公司,11-08,杭州,数据挖掘 月薪15-30K+14薪起+期权+不定时团建
10000-14999/月,http://jobs.51job.com/suzhou-gyyq/81325696.html?s=0,同程网络科技股份有限公司,11-08,苏州-工业园区,数据挖掘（算法）工程师
4000-6000/月,http://jobs.51job.com/hangzhou-xcq/75683657.html?s=0,杭州瑞谷房地产信息咨询有限公司,11-08,杭州-下城区,数据挖掘工程师
7000-13000/月,http://jobs.51job.com/wuhan-jhq/77283297.html?s=0,武汉合力亿捷科技有限公司,11-08,武汉-江汉区,数据挖掘工程师（上市公司/呼叫中心/电信/七险一金）
10000-14999/月,http://jobs.51job.com/beijing/67414355.html?s=0,北京融汇金信信息技术有限公司,11-08,北京,数据挖掘、自动化交易、量化交易、模型
10000-14999/月,http://jobs.51job.com/chengdu/83122832.html?s=0,重庆云汉网络传媒有限责任公司,11-08,成都,数据挖掘工程师
15000-19999/月,http://jobs.51job.com/shanghai/76667081.html?s=0,上海安个家信息技术有限公司,11-08,上海,高级数据挖掘工程师
8000-13000/月,http://jobs.51job.com/guangzhou/80377665.html?s=0,火烈鸟网络（广州）股份有限公司,11-08,广州,数据挖掘工程师
5000-12000/月,http://jobs.51job.com/shanghai-xhq/77405561.html?s=0,上海思贤信息技术股份有限公司,11-08,上海-徐汇区,数据挖掘工程师
8000-9999/月,http://jobs.51job.com/guangzhou-hzq/77227093.html?s=0,深圳市比邻互动网络科技有限公司,11-08,广州-海珠区,数据采集工程师/数据挖掘工程师(火车头）
15000-25000/月,http://jobs.51job.com/xiamen/77661564.html?s=0,乐商云集（厦门）供应链有限公司,11-08,厦门,数据挖掘工程师
10000-18000/月,http://jobs.51job.com/shenzhen-nsq/80542913.html?s=0,深圳前海辅驾宝车联网有限公司,11-08,深圳-南山区,数据挖掘工程师
3000-4499/月,http://jobs.51job.com/hangzhou-gsq/68087045.html?s=0,浙江联保网络技术有限公司,11-08,杭州-拱墅区,数据挖掘工程师
20000-24999/月,http://jobs.51job.com/chengdu-gxq/83118048.html?s=0,成都英博格科技有限公司,11-08,成都-高新区,数据挖掘科学家
10000-14999/月,http://jobs.51job.com/nanjing-bxq/81978178.html?s=0,北京科莱特信息技术有限公司,11-08,南京-白下区,数据挖掘工程师
20000-30000/月,http://jobs.51job.com/hangzhou-xhq/79833110.html?s=0,杭州量知数据科技有限公司,11-08,杭州-西湖区,资深数据挖掘工程师
20000-30000/月,http://jobs.51job.com/beijing-cyq/80036795.html?s=0,国美金控投资有限公司,11-08,北京-朝阳区,数据挖掘工程师
5000-10000/月,http://jobs.51job.com/shenzhen-lhxq/79102752.html?s=0,深圳前海达飞金融服务有限公司,11-08,深圳-龙华新区,数据挖掘/数据分析专员
15000-19999/月,http://jobs.51job.com/hangzhou/77379797.html?s=0,浙江宇天科技股份有限公司,11-08,杭州,数据挖掘工程师
8000-15000/月,http://jobs.51job.com/guangzhou-yxq/82608822.html?s=0,广州市申迪计算机系统有限公司,11-08,广州-越秀区,数据挖掘分析师
8000-9999/月,http://jobs.51job.com/beijing/74667941.html?s=0,北京掌趣科技股份有限公司,11-08,北京,游戏运营（数据挖掘方向）
100000-300000/年,http://jobs.51job.com/guangzhou/78886696.html?s=0,广州银行信用卡中心,11-08,广州,高级数据分析师/数据挖掘工程师/风险分析师
8000-10000/月,http://jobs.51job.com/guangzhou-yxq/77320706.html?s=0,广州市集群车宝汽车服务连锁有限公司,11-08,广州-越秀区,数据采集工程师/数据挖掘工程师
8000-15000/月,http://jobs.51job.com/shanghai-hpq/76428296.html?s=0,上海厚本金融信息服务有限公司,11-08,上海-黄浦区,互联网贷款事业部--数据挖掘岗
4000-7000/月,http://jobs.51job.com/foshan/74776325.html?s=0,广东凯捷商业数据处理服务有限公司,11-08,异地招聘,Data Miner 高级商业数据挖掘员
15000-25000/月,http://jobs.51job.com/guangzhou-thq/81431323.html?s=0,广东宜通世纪科技股份有限公司,11-08,广州-天河区,数据挖掘工程师（子公司）
6000-7999/月,http://jobs.51job.com/innermongolia/78170488.html?s=0,四川依米康环境科技股份有限公司,11-08,异地招聘,数据挖掘工程师
4000-9000/月,http://jobs.51job.com/shanghai-ypq/82622002.html?s=0,上海盈灿投资管理咨询有限公司,11-08,上海-杨浦区,数据挖掘工程师（校招）
8000-12000/月,http://jobs.51job.com/shanghai-xhq/77269741.html?s=0,艾瑞咨询集团,11-08,上海-徐汇区,数据挖掘工程师
15000-19999/月,http://jobs.51job.com/beijing/72685611.html?s=0,北京微播易科技股份有限公司,11-08,北京,数据挖掘工程师
Null,http://jobs.51job.com/hangzhou/73933568.html?s=0,浙江森马电子商务有限公司,11-08,杭州,数据挖掘工程师
10000-14999/月,http://jobs.51job.com/guangzhou/71164218.html?s=0,广东三百六十度传播广告有限公司,11-08,广州,数据挖掘工程师
6000+ /月,http://jobs.51job.com/hangzhou-bjq/74926522.html?s=0,杭州华量软件有限公司,11-08,杭州-滨江区,JAVA数据挖掘工程师
20000-40000/月,http://jobs.51job.com/beijing/79434678.html?s=0,北京道格尔景观标识工程有限公司,11-08,北京,高级数据挖掘工程师  保险公司 猎头岗
8000-10000/月,http://jobs.51job.com/chengdu/70125457.html?s=0,成都数联易康科技有限公司,11-08,成都,数据挖掘高级工程师
20000-24999/月,http://jobs.51job.com/shanghai/80450043.html?s=0,上海游竞网络科技有限公司,11-08,上海,数据挖掘工程师
8000-12000/月,http://jobs.51job.com/shenzhen-ftq/81741996.html?s=0,广东鸿联九五信息产业有限公司,11-08,深圳-福田区,数据挖掘分析师
4000-7000/月,http://jobs.51job.com/shenzhen-lhxq/79008140.html?s=0,深圳市纽仕达信息咨询有限公司,11-08,深圳-龙华新区,数据挖掘师
25000-29999/月,http://jobs.51job.com/shanghai/78907333.html?s=0,GQY视讯股份有限公司,11-08,上海,数据挖掘专家
5000-20000/月,http://jobs.51job.com/nanjing-jnq/81534849.html?s=0,南京云问网络技术有限公司,11-08,南京-江宁区,数据挖掘&自然语言处理研发工程师
4500-5999/月,http://jobs.51job.com/nanjing/69804857.html?s=0,南京坦道信息科技有限公司,11-08,南京,数据开发工程师/数据挖掘工程师
12000-20000/月,http://jobs.51job.com/changsha-ylq/78693584.html?s=0,湖南开物相泰投资管理有限公司,11-08,长沙-岳麓区,数据挖掘攻城狮
10000-14999/月,http://jobs.51job.com/nanjing/76915841.html?s=0,江苏东大集成电路系统工程技术有限公司,11-08,南京,数据挖掘/分析工程师
15000-19999/月,http://jobs.51job.com/shanghai-pdxq/55944457.html?s=0,银联智惠信息服务（上海）有限公司,11-08,上海-浦东新区,数据挖掘工程师
10000-18000/月,http://jobs.51job.com/shanghai-ypq/81918680.html?s=0,华院数据技术（上海）有限公司,11-08,上海-杨浦区,数据挖掘工程师
15000-19999/月,http://jobs.51job.com/ningbo/80692429.html?s=0,乐歌人体工学科技股份有限公司,11-08,异地招聘,数据挖掘工程师（与硅谷工程师共事）
15000-30000/月,http://jobs.51job.com/zhuhai/75807238.html?s=0,珠海市小源科技有限公司,11-08,珠海,数据挖掘与机器学习
4500-5999/月,http://jobs.51job.com/shanghai-jaq/68140190.html?s=0,博答企业管理咨询（上海）有限公司,11-08,上海-静安区,数据挖掘工程师
15000-20000/月,http://jobs.51job.com/beijing/83114747.html?s=0,西线（北京）教育科技有限公司,11-08,北京,数据挖掘讲师
15000-19999/月,http://jobs.51job.com/shanghai-mhq/81444434.html?s=0,上海砸立电子商务有限公司,11-08,上海-闵行区,数据挖掘工程师
15000-30000/月,http://jobs.51job.com/shenzhen-nsq/77699669.html?s=0,深圳无觅科技有限公司,11-08,深圳-南山区,数据挖掘工程师
10000-14999/月,http://jobs.51job.com/shanghai-pdxq/80905011.html?s=0,上海伯豪生物技术有限公司,11-08,上海-浦东新区,高级生物信息研发工程师（数据挖掘方向）
8000-15000/月,http://jobs.51job.com/shenzhen-baq/77020890.html?s=0,深圳华会科技有限公司,11-08,深圳-宝安区,数据建模工程师/数据挖掘工程师
15000-25000/月,http://jobs.51job.com/hangzhou-xhq/75202962.html?s=0,杭州回车电子科技有限公司,11-08,杭州-西湖区,数据挖掘工程师
10000-20000/月,http://jobs.51job.com/shanghai-xhq/77736073.html?s=0,上海好医通健康信息咨询有限公司,11-08,上海-徐汇区,数据挖掘架构师
12000-14000/月,http://jobs.51job.com/beijing-cyq/81538930.html?s=0,北京蜜莱坞网络科技有限公司,11-08,北京-朝阳区,数据挖掘
15000-19999/月,http://jobs.51job.com/chengdu/72381414.html?s=0,北京深蓝海域信息科技有限公司,11-08,成都,数据挖掘工程师
15000-19999/月,http://jobs.51job.com/shenzhen/73909670.html?s=0,深圳市高勤信科股份有限公司,11-08,深圳,数据挖掘开发工程师
8000-15000/月,http://jobs.51job.com/shanghai/77244224.html?s=0,上海音智达信息技术有限公司,11-08,上海,数据挖掘工程师
15000-19999/月,http://jobs.51job.com/beijing-hdq/79828007.html?s=0,易到用车,11-08,北京-海淀区,大数据挖掘工程师
3000-4499/月,http://jobs.51job.com/jinshuiqu/81631788.html?s=0,京佳教育,11-08,郑州-金水区,数据挖掘
1500以下/月,http://jobs.51job.com/beijing/81313213.html?s=0,北京思创宏拓科技发展有限公司,11-08,北京,数据分析与数据挖掘工程师
10000-14999/月,http://jobs.51job.com/chengdu/80820774.html?s=0,华院分析技术（上海）有限公司,11-08,成都,高级数据挖掘工程师
20000-24999/月,http://jobs.51job.com/beijing-hdq/79139214.html?s=0,北京搜狗科技发展有限公司,11-08,北京-海淀区,医疗图谱-数据挖掘研究员-北京-01604
6000-7999/月,http://jobs.51job.com/shanghai/60001455.html?s=0,时代嘉道企业机构,11-08,上海,互联网搜索及文本数据挖掘工程师
9000-13000/月,http://jobs.51job.com/nanjing/74842016.html?s=0,焦点科技股份有限公司,11-08,南京,数据挖掘工程师（研发中心）
25000-29999/月,http://jobs.51job.com/beijing/54424087.html?s=0,北京掌阔移动传媒科技有限公司,11-08,北京,数据挖掘高级工程师
10000-14999/月,http://jobs.51job.com/guangzhou-thq/74325362.html?s=0,广州铂润信息技术有限公司,11-08,广州-天河区,数据挖掘工程师
25000-40000/月,http://jobs.51job.com/beijing/82969862.html?s=0,北京捷通华声科技股份有限公司,11-08,北京,技术总监（语义理解、数据挖掘）
15000-19999/月,http://jobs.51job.com/beijing/82446274.html?s=0,北京天行汇通信息技术有限公司,11-08,北京,大数据挖掘研究工程师
10000-14999/月,http://jobs.51job.com/guangzhou/77473524.html?s=0,广州赛意信息科技股份有限公司,11-08,广州,SAS数据挖掘顾问
10000-14999/月,http://jobs.51job.com/beijing-dxq/76746948.html?s=0,金风科技——金风科创,11-08,北京-大兴区,研发中心--数据挖掘工程师
10000-14999/月,http://jobs.51job.com/shanghai/71695359.html?s=0,上海银联电子支付服务有限公司,11-08,上海,数据挖掘工程师
90000-180000/年,http://jobs.51job.com/shanghai/65271569.html?s=0,上海智子信息科技股份有限公司,11-08,上海,数据挖掘工程师/数据分析/算法工程师
20000-30000/月,http://jobs.51job.com/beijing-cyq/74219027.html?s=0,微科创新（北京）科技有限公司,11-08,北京-朝阳区,大数据挖掘工程师
6000-15000/月,http://jobs.51job.com/shanghai-xhq/82938955.html?s=0,上海乐九医疗科技有限公司,11-08,上海-徐汇区,大数据工程师/数据挖掘工程师
7000-15000/月,http://jobs.51job.com/shenzhen-nsq/68116577.html?s=0,云盛海宏信息技术（深圳）有限公司,11-08,深圳-南山区,数据挖掘Java工程师
8-10万/年,http://jobs.51job.com/shijiazhuang/80745608.html?s=0,河北腾软信息技术有限公司,11-08,石家庄,数据挖掘工程师
20000-24999/月,http://jobs.51job.com/beijing-cyq/77960063.html?s=0,销售易,11-08,北京-朝阳区,数据挖掘工程师
10000-14999/月,http://jobs.51job.com/beijing/75224141.html?s=0,北京麦圃国际投资顾问有限公司,11-08,北京,数据挖掘工程师（数据平台产品）
15000-19999/月,http://jobs.51job.com/shanghai-ptq/78013109.html?s=0,上海普丘信息系统有限公司,11-08,上海-普陀区,数据挖掘算法工程师
12000-22000/月,http://jobs.51job.com/guangzhou-thq/83073665.html?s=0,广东天展网络科技有限公司,11-08,广州-天河区,数据挖掘/爬虫工程师/编程（双休+工作日包餐）
10000-14999/月,http://jobs.51job.com/wuhan/70544399.html?s=0,卷皮网,11-08,武汉,数据挖掘工程师
10000-15000/月,http://jobs.51job.com/guangzhou-thq/79461656.html?s=0,广州市起秀信息科技有限公司,11-08,广州-天河区,数据挖掘与分析工程师
3000-4499/月,http://jobs.51job.com/shanghai-ptq/69602573.html?s=0,上海玖数软件有限公司,11-08,上海-普陀区,数据挖掘实习生
15000-30000/月,http://jobs.51job.com/shenzhen-nsq/79835371.html?s=0,海致网络技术（北京）有限公司,11-08,深圳-南山区,数据挖掘工程师
13-15/月,http://jobs.51job.com/shenzhen/72723027.html?s=0,福瑞博德软件开发（深圳）有限公司,11-08,深圳,BI（数据挖掘）
25000-29999/月,http://jobs.51job.com/shenzhen/79733014.html?s=0,日立咨询信息技术（广州）有限公司,11-08,深圳,高级数据挖掘工程师
15000-30000/月,http://jobs.51job.com/nanjing/80060317.html?s=0,苏宁云商集团股份有限公司-IT总部,11-08,南京,数据挖掘工程师(002363)
8000-15000/月,http://jobs.51job.com/shenzhen-nsq/79742147.html?s=0,深圳市艺讯广告有限公司,11-08,深圳-南山区,高级数据挖掘工程师
7000-15000/月,http://jobs.51job.com/chengdu-px/75423142.html?s=0,国信优易数据有限公司成都子公司,11-08,成都-郫县,数据挖掘工程师
25000-29999/月,http://jobs.51job.com/guangzhou-thq/79284644.html?s=0,天睿信科技术（北京）有限公司,11-08,广州-天河区,数据挖掘工程师
15000-25000/月,http://jobs.51job.com/beijing/81179727.html?s=0,百融（北京）金融信息服务股份有限公司,11-08,北京,数据挖掘工程师
10000-20000/月,http://jobs.51job.com/chengdu-gxq/82601374.html?s=0,清华大学苏州汽车研究院大数据处理中心,11-08,成都-高新区,数据挖掘工程师
10000-15000/月,http://jobs.51job.com/shenzhen/74458540.html?s=0,深圳市和讯华谷信息技术有限公司,11-08,深圳,数据挖掘工程师
20000-24999/月,http://jobs.51job.com/beijing/72384364.html?s=0,北京品友互动信息技术股份公司,11-08,北京,资深数据挖掘工程师
15000-30000/月,http://jobs.51job.com/chengdu/74647289.html?s=0,Symbio,11-08,成都,Sr.data mining Engineer高级数据挖掘工程师
15000-25000/月,http://jobs.51job.com/hangzhou-yhq/75077980.html?s=0,杭州求是同创网络科技有限公司,11-08,杭州-余杭区,数据挖掘工程师
10000-14999/月,http://jobs.51job.com/hangzhou/79730696.html?s=0,浙江备胎金融信息服务有限公司,11-08,杭州,数据挖掘工程师
10000-14999/月,http://jobs.51job.com/shenzhen/78626648.html?s=0,深圳第七大道科技有限公司,11-08,深圳,数据仓库工程师/数据挖掘工程师
12000-24000/月,http://jobs.51job.com/shenzhen-nsq/79764627.html?s=0,深圳世联行地产顾问股份有限公司,11-08,深圳-南山区,数据挖掘工程师
10-20/月,http://jobs.51job.com/shenzhen-nsq/83109788.html?s=0,深圳前海华付通金融服务有限公司,11-08,深圳-南山区,数据挖掘工程师
10000-14999/月,http://jobs.51job.com/beijing/82258734.html?s=0,时光网,11-08,北京,资深数据挖掘工程师
15000-25000/月,http://jobs.51job.com/beijing-hdq/81507861.html?s=0,脉讯在线（北京）信息技术有限公司,11-08,北京-海淀区,数据挖掘工程师
9000-20000/月,http://jobs.51job.com/beijing/76402877.html?s=0,北京卡车之家信息技术股份有限公司,11-08,北京,大数据挖掘工程师
20000-24999/月,http://jobs.51job.com/shanghai-cnq/76346753.html?s=0,上海易果电子商务有限公司,11-08,上海-长宁区,数据挖掘工程师
1500-1999/月,http://jobs.51job.com/wuhan-hsq/67994050.html?s=0,武汉安天信息技术有限责任公司,11-08,武汉-洪山区,数据挖掘实习生（产品方向）
6000-8000/月,http://jobs.51job.com/chengdu/80223314.html?s=0,成都康赛信息技术有限公司,11-08,成都,产品经理（数据挖掘方向）
18000-25000/月,http://jobs.51job.com/beijing-hdq/81508172.html?s=0,北京好租科技发展有限公司,11-08,北京-海淀区,数据产品经理（数据挖掘）
5000-12000/月,http://jobs.51job.com/changzhou/68749725.html?s=0,上海享推信息技术有限公司,11-08,常州,数据挖掘高级工程师
15000-19999/月,http://jobs.51job.com/beijing/81568758.html?s=0,药渡经纬信息科技（北京）有限公司,11-08,北京,数据挖掘工程师
4500-7000/月,http://jobs.51job.com/nanjing-yhtq/68068925.html?s=0,江苏欣网科技股份有限公司,11-08,南京-雨花台区,数据分析/大数据挖掘
3000-4499/月,http://jobs.51job.com/guangzhou-thq/83060055.html?s=0,广州机智云物联网科技有限公司,11-08,广州-天河区,数据挖掘（机器学习算法）
15000-30000/月,http://jobs.51job.com/beijing-hdq/81456623.html?s=0,北京中交兴路信息科技有限公司,11-08,北京-海淀区,高级数据挖掘工程师-北京-00138
8000-12000/月,http://jobs.51job.com/chongqing/77526075.html?s=0,重庆同远能源技术有限公司,11-08,重庆,大数据挖掘工程师/大数据算法工程师
10000-20000/月,http://jobs.51job.com/shenzhen-nsq/69683367.html?s=0,深圳市随手科技有限公司,11-08,深圳-南山区,数据挖掘工程师
200元/天,http://jobs.51job.com/shanghai/81551118.html?s=0,上海触宝信息技术有限公司,11-08,上海,数据挖掘/机器学习/NLP
6000-7999/月,http://jobs.51job.com/nanjing/82731683.html?s=0,南京瑞玥科技有限公司,11-08,南京,数据挖掘工程师
4000-6000/月,http://jobs.51job.com/chengdu/79751745.html?s=0,四川效率源信息安全技术股份有限公司,11-08,成都,数据挖掘工程师
60000-100000/年,http://jobs.51job.com/guangzhou/78605591.html?s=0,广州市云润大数据服务有限公司,11-08,广州,数据挖掘工程师(实习)
8000-12000/月,http://jobs.51job.com/beijing/76209439.html?s=0,北京万方数据股份有限公司,11-08,北京,数据挖掘与算法工程师
10000-14999/月,http://jobs.51job.com/shanghai/77261957.html?s=0,上海国泰广告有限公司,11-08,上海,python数据挖掘研究员
10000-30000/月,http://jobs.51job.com/shanghai-xhq/58459718.html?s=0,返利网,11-08,上海-徐汇区,数据挖掘高级工程师
20000-24999/月,http://jobs.51job.com/shenzhen-nsq/76761501.html?s=0,标普医学信息研究中心,11-08,深圳-南山区,资深大数据挖掘分析师
8000-15000/月,http://jobs.51job.com/shanghai/72468866.html?s=0,上海趣致网络科技有限公司,11-08,上海,数据分析/数据挖掘工程师
4500-5999/月,http://jobs.51job.com/chengdu/68773752.html?s=0,北京卡拉卡尔科技股份有限公司成都分公司,11-08,成都,数据挖掘工程师
15000-25000/月,http://jobs.51job.com/beijing/75047601.html?s=0,北京亿玛在线科技有限公司,11-08,北京,数据挖掘工程师
10000-14999/月,http://jobs.51job.com/guangzhou/57766551.html?s=0,广州多益网络股份有限公司,11-08,广州,数据挖掘研究员
10000-20000/月,http://jobs.51job.com/wuhan/80055992.html?s=0,湖北盛天网络技术股份有限公司,11-08,武汉,数据挖掘工程师
15000+ /月,http://jobs.51job.com/beijing/82921932.html?s=0,北京红象云腾系统技术有限公司,11-08,北京,数据挖掘工程师
20000-24999/月,http://jobs.51job.com/beijing/77451369.html?s=0,爱贝云支付,11-08,北京,数据挖掘主管
8000-9999/月,http://jobs.51job.com/guangzhou-thq/77329079.html?s=0,广东五二科技股份有限公司,11-08,广州-天河区,数据采集工程师/数据挖掘工程师
15000-19999/月,http://jobs.51job.com/chengdu-jjq/80537257.html?s=0,四川易贷网金融信息服务有限公司,11-08,成都-锦江区,高级数据挖掘工程师
10000-14999/月,http://jobs.51job.com/sichuansheng/81008402.html?s=0,北京安必奇生物科技有限公司,11-08,异地招聘,大数据部_数据挖掘/广告策略研发工程师（成都）
8000-10000/月,http://jobs.51job.com/guangzhou-thq/77662441.html?s=0,广州威尔森咨询有限公司,11-08,广州-天河区,数据挖掘工程师
6000-7999/月,http://jobs.51job.com/guangzhou/82582298.html?s=0,广州聚房宝网络科技股份有限公司,11-08,广州,数据运营（数据挖掘）
Null,http://ccic.51job.com/sc/show_job_detail.php?jobid=72514810,中国大地财产保险股份有限公司,11-08,上海-浦东新区,数据挖掘岗
20000-24999/月,http://jobs.51job.com/beijing-hdq/78101719.html?s=0,随锐科技股份有限公司,11-08,北京-海淀区,数据挖掘
10000-20000/月,http://jobs.51job.com/chengdu-gxq/79820814.html?s=0,成都景和千城科技有限公司,11-08,成都-高新区,数据挖掘工程师
8000-15000/月,http://jobs.51job.com/hangzhou-gsq/80035923.html?s=0,浙大网新科技股份有限公司,11-08,杭州-拱墅区,数据挖掘和算法工程师
8-10万/年,http://jobs.51job.com/shanghai-qpq/76606843.html?s=0,上海汉得信息技术股份有限公司,11-08,上海-青浦区,数据挖掘建模工程师
8000-12000/月,http://jobs.51job.com/haikou/79592928.html?s=0,天津科莱迪尔信息科技有限公司,11-08,异地招聘,数据挖掘算法工程师
10000-14999/月,http://jobs.51job.com/beijing/51270507.html?s=0,吉贝克信息技术有限公司,11-08,北京,数据挖掘工程师
250元/天,http://jobs.51job.com/shanghai-cnq/77240241.html?s=0,上海壹亩金融信息服务有限公司,11-08,上海-长宁区,数据挖掘/统计实习生
20000-24999/月,http://jobs.51job.com/beijing/76164492.html?s=0,北京国双科技有限公司,11-08,北京,数据挖掘工程师
10000-15000/月,http://jobs.51job.com/wuhan/80460490.html?s=0,武汉烽火普天信息技术有限公司,11-08,武汉,数据挖掘工程师
15000-19999/月,http://jobs.51job.com/shanghai-ypq/77054880.html?s=0,上海众敏供应链管理有限公司,11-08,上海-杨浦区,资深数据挖掘工程师
15000-30000/月,http://jobs.51job.com/beijing-hdq/77231979.html?s=0,去哪儿网机票事业部,11-08,北京-海淀区,数据挖掘工程师/数据分析工程师
15000-25000/月,http://jobs.51job.com/fuzhou-jaq/81723600.html?s=0,福建喜相逢汽车服务股份有限公司,11-08,福州-晋安区,数据挖掘工程师
20000-24999/月,http://jobs.51job.com/beijing-hdq/78550887.html?s=0,去哪儿网金融事业部,11-08,北京-海淀区,数据挖掘高级工程师-金融事业部(J10143)
4500-5999/月,http://jobs.51job.com/shenzhen-nsq/81752161.html?s=0,深圳智扬信达信息技术有限公司,11-08,深圳-南山区,数据挖掘实习生
20000-30000/月,http://jobs.51job.com/hangzhou/80975923.html?s=0,杭州树熊网络有限公司,11-08,杭州,大数据挖掘专家-火速招聘
8000-15000/月,http://jobs.51job.com/hangzhou-gsq/78203804.html?s=0,杭州蜜帅文化创意有限公司,11-08,杭州-拱墅区,数据挖掘
10000-14999/月,http://jobs.51job.com/shanghai-ptq/66947946.html?s=0,北京游仁堂商贸有限公司,11-08,上海-普陀区,CRM数据挖掘工程师
10000-150000/年,http://jobs.51job.com/changsha-kfq/71392352.html?s=0,北京高地信息技术有限公司长沙分公司,11-08,长沙-开福区,数据挖掘高级软件工程师（双休 五险一金）
Null,http://jobs.51job.com/shanghai-cnq/81576184.html?s=0,中国联合网络通信有限公司上海市分公司（上海联通）,11-08,上海-长宁区,数据挖掘岗（互联网与存量经营部）
9000-15000/月,http://jobs.51job.com/hangzhou-jgq/79167744.html?s=0,上海亿阳信通实业有限公司,11-08,杭州-江干区,数据挖掘工程师
10000-30000/月,http://jobs.51job.com/beijing-hdq/78398286.html?s=0,北京屏联科技有限公司,11-08,北京-海淀区,数据挖掘开发分析工程师
15000-19999/月,http://jobs.51job.com/beijing-hdq/75548411.html?s=0,北京众荟信息技术股份有限公司,11-08,北京-海淀区,高级数据挖掘工程师
6000-12000/月,http://jobs.51job.com/shenzhen-lhxq/75188123.html?s=0,深圳谱元科技有限公司,11-08,深圳-龙华新区,数据挖掘工程师
15000-19999/月,http://jobs.51job.com/shanghai-xhq/82231318.html?s=0,上海临港漕河泾人才有限公司,11-08,上海-徐汇区,3.三零卫士-数据挖掘工程师
8000-9999/月,http://jobs.51job.com/changzhou/80297577.html?s=0,亚信蓝涛（江苏）数据科技有限公司,11-08,常州,数据挖掘工程师
10000-14999/月,http://jobs.51job.com/shenzhen-nsq/79563507.html?s=0,微马科技控股有限公司,11-08,深圳-南山区,大数据挖掘分析师
15000-19999/月,http://jobs.51job.com/beijing-hdq/74003497.html?s=0,优酷土豆集团,11-08,北京-海淀区,数据挖掘算法工程师
15000-19999/月,http://jobs.51job.com/suzhou-gyyq/74654701.html?s=0,智慧芽信息科技（苏州）有限公司,11-08,苏州-工业园区,数据挖掘工程师
15000-30000/月,http://jobs.51job.com/shanghai-ypq/73785650.html?s=0,悦岚（上海）数据服务有限公司,11-08,上海-杨浦区,大数据/数据挖掘/数据仓库资深顾问
10000+ /月,http://jobs.51job.com/beijing-hdq/81619031.html?s=0,北京中技所知识产权服务有限公司,11-08,北京-海淀区,数据挖掘工程师
8000-9999/月,http://jobs.51job.com/guangzhou-thq/80089188.html?s=0,广东瑞图万方科技股份有限公司,11-08,广州-天河区,软件开发(数据挖掘方向)
25000-40000/月,http://jobs.51job.com/shanghai-cnq/82053487.html?s=0,上海细微信息咨询有限公司,11-08,上海-长宁区,数据挖掘工程师
Null,http://jobs.51job.com/shanghai/64226226.html?s=0,携程旅行网业务区,11-08,上海,数据挖掘工程师（高级/初级）
6000-10000/月,http://jobs.51job.com/shanghai-cnq/82515314.html?s=0,魔利互通（北京）信息技术有限公司,11-08,上海-长宁区,助理客户经理 客户助理 (快消、行销项目、数据挖掘)
10000-14999/月,http://jobs.51job.com/beijing/82775447.html?s=0,博彦科技股份有限公司,11-08,北京,数据挖掘工程师-北京-01903
10000-15000/月,http://jobs.51job.com/shanghai-mhq/76008841.html?s=0,华硕电脑（上海）有限公司上海分公司,11-08,上海-闵行区,数据挖掘工程师
10-15万/年,http://jobs.51job.com/ningbo/78761226.html?s=0,宁波博洋服饰集团有限公司,11-08,宁波,数据挖掘师（唐狮品牌）
8000-9999/月,http://jobs.51job.com/shanghai-pdxq/73916943.html?s=0,宝象投资控股集团有限公司,11-08,上海-浦东新区,数据挖掘工程师
10000-14999/月,http://jobs.51job.com/guangzhou/81189788.html?s=0,广州瀚信通信科技股份有限公司,11-08,异地招聘,数据分析工程师（大数据挖掘方向高级）
15000-19999/月,http://jobs.51job.com/beijing-cyq/72141141.html?s=0,国美在线,11-08,北京-朝阳区,数据挖掘工程师——新业务中心
100000-200000/年,http://jobs.51job.com/chengdu-gxq/79545928.html?s=0,成都三泰控股集团股份有限公司,11-08,成都-高新区,数据挖掘工程师
25000-29999/月,http://jobs.51job.com/guangzhou-thq/79214850.html?s=0,深圳英睿才智管理咨询有限公司,11-08,异地招聘,高级数据挖掘/算法工程师
15000-25000/月,http://jobs.51job.com/guangzhou/78901719.html?s=0,三七互娱（上海）科技有限公司,11-08,广州,广告数据挖掘工程师
20-30万/年,http://jobs.51job.com/nanjing-qxq/78575273.html?s=0,江苏思柯瑞数据科技有限公司,11-08,南京-栖霞区,大数据挖掘分析工程师
8000-15000/月,http://jobs.51job.com/guangzhou/79242408.html?s=0,广州瑞云网络科技有限公司,11-08,广州,数据挖掘工程师
15000-19999/月,http://jobs.51job.com/shenzhen-nsq/81902838.html?s=0,深圳前海俊拓金融服务有限公司,11-08,深圳-南山区,数据挖掘分析师
10000-20000/月,http://jobs.51job.com/nanjing-jnq/68299677.html?s=0,南京物联传感技术有限公司,11-08,南京-江宁区,数据挖掘工程师
6000-7999/月,http://jobs.51job.com/chengdu/69414944.html?s=0,四川无声信息技术有限公司,11-08,成都,数据挖掘分析师
15000-19999/月,http://jobs.51job.com/hangzhou/76646318.html?s=0,浙江核新同花顺网络信息股份有限公司,11-08,杭州,算法/数据挖掘工程师（用户画像项目）
10000-25000/月,http://jobs.51job.com/shenzhen-lgq/71211291.html?s=0,上海海同信息科技有限公司,11-08,深圳-龙岗区,Python/Rhadoop 数据挖掘
6000-7999/月,http://jobs.51job.com/shenzhen-nsq/77922354.html?s=0,招银云创（深圳）信息技术有限公司,11-08,深圳-南山区,数据分析师（数据挖掘）
Null,http://jobs.51job.com/shanghai/75874856.html?s=0,北京金美仕贸易有限公司,11-08,上海,数据挖掘工程师
30-40万/年,http://jobs.51job.com/shanghai-xhq/80056919.html?s=0,上海肯耐珂萨人才服务股份有限公司,11-08,上海-徐汇区,数据挖掘/数据建模岗（五大国行之一）
10000-20000/月,http://jobs.51job.com/hangzhou-gsq/82370823.html?s=0,杭州启冠网络技术有限公司,11-08,杭州-拱墅区,数据挖掘
10000-20000/月,http://jobs.51job.com/shanghai/78345266.html?s=0,上海乾生乾金融信息服务有限公司,11-08,上海,数据挖掘
Null,http://jobs.51job.com/huizhou/77848376.html?s=0,惠州酷友网络科技有限公司,11-08,惠州,数据挖掘工程师
10000-14999/月,http://jobs.51job.com/beijing/65535094.html?s=0,北京中恒博瑞数字电力科技有限公司,11-08,北京,大数据挖掘工程师
8000-18000/月,http://jobs.51job.com/guangzhou/75307041.html?s=0,广州银讯信息科技有限公司,11-08,广州,Hadoop数据挖掘工程师
400000+ /年,http://jobs.51job.com/shanghai/75383892.html?s=0,北京外企德科人力资源服务上海有限公司,11-08,上海,数据挖掘岗
20000-24999/月,http://jobs.51job.com/shenzhen/79917771.html?s=0,深圳市人人聚财金融信息服务有限公司,11-08,深圳,数据挖掘工程师-互联网平台事业部-技术部
10000-20000/月,http://jobs.51job.com/shenzhen-nsq/79518789.html?s=0,深圳华海乐盈网络科技有限公司,11-08,深圳-南山区,数据挖掘工程师
15000-19999/月,http://jobs.51job.com/beijing-xcq/82912199.html?s=0,北京通付盾数据科技有限公司,11-08,北京-西城区,数据挖掘
10000-14999/月,http://jobs.51job.com/shanghai-mhq/72986064.html?s=0,上海唯都市场营销策划股份有限公司,11-08,上海-闵行区,数据挖掘工程师
15000-19999/月,http://jobs.51job.com/beijing/82963170.html?s=0,中国金融在线有限公司,11-08,北京,数据挖掘工程师
8000-14000/月,http://jobs.51job.com/hefei/79550675.html?s=0,北京合力亿捷科技股份有限公司,11-08,合肥,数据挖掘工程师（开发工程师）（安徽合肥）-数据软件
15000-19999/月,http://jobs.51job.com/shanghai-xhq/82785367.html?s=0,上海点客信息技术股份有限公司,11-08,上海-徐汇区,数据挖掘经理
20000-24999/月,http://jobs.51job.com/beijing-hdq/79490866.html?s=0,博易智软（北京）技术股份有限公司,11-08,北京-海淀区,数据分析师/数据挖掘工程师
25000-29999/月,http://jobs.51job.com/shanghai-zbq/77863457.html?s=0,上海克而瑞软件技术有限公司,11-08,上海-闸北区,数据挖掘工程师
15000-19999/月,http://jobs.51job.com/hangzhou/75971324.html?s=0,浙江执御信息技术有限公司,11-08,杭州,数据挖掘工程师（电商标签挖掘方向）
20-30万/年,http://jobs.51job.com/shanghai-pdxq/75991893.html?s=0,万得信息技术股份有限公司（Wind资讯）,11-08,上海-浦东新区,"高级JAVA工程师( 大数据,数据挖掘)"
25000-29999/月,http://jobs.51job.com/shanghai-pdxq/82620164.html?s=0,上海你我贷互联网金融信息服务有限公司,11-08,上海-浦东新区,数据挖掘工程师
10000-18000/月,http://jobs.51job.com/guangzhou-thq/75782544.html?s=0,PPmoney互联网金融平台,11-08,广州-天河区,数据挖掘工程师
10000-15000/月,http://jobs.51job.com/guangzhou/81855558.html?s=0,广州百倍网络科技有限公司,11-08,广州,数据挖掘
10000-20000/月,http://jobs.51job.com/nanjing-glq/65262392.html?s=0,车300,11-08,南京-鼓楼区,数据分析师/数据挖掘工程师
8000-9999/月,http://jobs.51job.com/beijing/72644844.html?s=0,北京优朋普乐科技有限公司,11-08,北京,软件开发工程师（数据挖掘）实习生-2017届毕业生
80000-150000/年,http://jobs.51job.com/beijing-cyq/73897967.html?s=0,北京经世万方信息技术有限公司,11-08,北京-朝阳区,数据库及数据挖掘工程师
20000-24999/月,http://jobs.51job.com/beijing-dxq/79981995.html?s=0,中律科技股份有限公司,11-08,北京-大兴区,NLP工程师/数据挖掘/机器学习算法
15000-19999/月,http://jobs.51job.com/shenzhen-ftq/73298540.html?s=0,深圳市金立通信设备有限公司,11-08,深圳-福田区,数据挖掘工程师
10000-14999/月,http://jobs.51job.com/nanjing/78562086.html?s=0,浪潮通信信息系统有限公司,11-08,南京,数据挖掘/分析工程师
6000-7999/月,http://jobs.51job.com/beijing-hdq/68297019.html?s=0,华宇金信（北京）软件有限公司,11-08,北京-海淀区,JAVA开发工程师（数据挖掘方向）
15000-19999/月,http://jobs.51job.com/beijing/75768854.html?s=0,易拍全球（北京）科贸有限公司,11-08,北京,数据挖掘工程师-语义分析方向
10000-14999/月,http://jobs.51job.com/shanghai-cnq/72301321.html?s=0,携程旅行网IT技术区,11-08,上海-长宁区,高级数据挖掘工程师
8000-16000/月,http://jobs.51job.com/beijing-hdq/81284766.html?s=0,北京北大方正电子有限公司,11-08,北京-海淀区,数据挖掘工程师(001052)
10000-14999/月,http://jobs.51job.com/shenzhen/75144443.html?s=0,深圳市海云天科技股份有限公司,11-08,深圳,大数据挖掘工程师
4500-5999/月,http://jobs.51job.com/beijing-xcq/82676455.html?s=0,渤海证券股份有限公司,11-08,北京-西城区,2017校园招聘——网络数据挖掘与机器学习
10000-14999/月,http://jobs.51job.com/hangzhou/82509213.html?s=0,浙江胄天科技股份有限公司,11-08,杭州,数据挖掘工程师
8000-9999/月,http://jobs.51job.com/hangzhou-jgq/82961603.html?s=0,杭州健培科技有限公司,11-08,杭州-江干区,数据挖掘
10000-14999/月,http://jobs.51job.com/hefei/80547097.html?s=0,合肥寰景信息技术有限公司,11-08,合肥,数据挖掘工程师
15000-19999/月,http://jobs.51job.com/nanjing/81447983.html?s=0,付融宝（软银中国及上市公司投资平台）,11-08,南京,数据挖掘工程师（付融宝）
13000-20000/月,http://jobs.51job.com/beijing-hdq/78200961.html?s=0,北京微宝网络科技有限公司,11-08,北京-海淀区,数据挖掘/算法工程师（Hadoop）
20000-30000/月,http://jobs.51job.com/shanghai/76249367.html?s=0,大众点评网,11-08,上海,数据挖掘算法工程师（广告平台）
15000-19999/月,http://jobs.51job.com/guangzhou/76109776.html?s=0,广州市网迅信息技术有限公司,11-08,广州,数据挖掘工程师
15000-19999/月,http://jobs.51job.com/jiangsusheng/80960532.html?s=0,江苏中地控股集团有限公司,11-08,异地招聘,数据挖掘工程师（付融宝）
10000-14999/月,http://jobs.51job.com/shanghai-xhq/79248042.html?s=0,深圳市华成峰科技有限公司,11-08,上海-徐汇区,数据挖掘销售经理
10000-14999/月,http://jobs.51job.com/shanghai-pdxq/83052160.html?s=0,上海二三四五海隆金融信息服务有限公司,11-08,上海-浦东新区,高级数据建模工程师（数据挖掘）
8000-16000/月,http://jobs.51job.com/beijing/77011270.html?s=0,东方金诚国际信用评估有限公司,11-08,北京,数据挖掘工程师（10590）
2000-2999/月,http://jobs.51job.com/hangzhou/78978636.html?s=0,广州佰聆数据股份有限公司,11-08,杭州,数据挖掘分析助理
9000-15000/月,http://jobs.51job.com/dongguan-ncq/82867798.html?s=0,团贷网,11-08,东莞-南城区,数据挖掘工程师
15000-19999/月,http://jobs.51job.com/dongguan/77709674.html?s=0,广东心域广告传媒有限公司,11-08,东莞,数据挖掘工程师
15000-19999/月,http://jobs.51job.com/shenzhen/73818131.html?s=0,深圳中泓在线股份有限公司,11-08,深圳,大数据挖掘工程师
10000-14999/月,http://jobs.51job.com/hangzhou-gsq/73848767.html?s=0,浙江汇信科技有限公司,11-08,杭州-拱墅区,数据挖掘工程师
30-40万/年,http://jobs.51job.com/shenzhen-nsq/79127745.html?s=0,中腾信金融信息服务（上海）有限公司,11-08,深圳-南山区,机器学习工程师/数据挖掘/算法
10000-14999/月,http://jobs.51job.com/changsha/77690170.html?s=0,湖南中科新域科技有限公司,11-08,长沙,大数据挖掘专家
10000-14999/月,http://jobs.51job.com/shanghai-pdxq/74770832.html?s=0,天翼视讯传媒有限公司,11-08,上海-浦东新区,数据挖掘工程师
10000-20000/月,http://jobs.51job.com/guangzhou/75241580.html?s=0,彩讯科技股份有限公司,11-08,广州,数据挖掘工程师
7000-10000/月,http://jobs.51job.com/dongguan/82207080.html?s=0,东莞市糖酒集团美宜佳便利店有限公司,11-08,东莞,数据挖掘师
6000-12000/月,http://jobs.51job.com/guangzhou-thq/81237392.html?s=0,广州海晟科技有限公司,11-08,广州-天河区,数据挖掘工程师
10000-15000/月,http://jobs.51job.com/shanghai/82157199.html?s=0,点融网,11-08,上海,数据挖掘/算法工程师-CR2017-SH2905
10000-14999/月,http://jobs.51job.com/shanghai-hkq/77295448.html?s=0,上海脉否投资管理有限公司,11-08,上海-虹口区,高级JAVA数据挖掘开发工程师
15000-30000/月,http://jobs.51job.com/beijing/75240510.html?s=0,西安美林数据技术股份有限公司,11-08,北京,数据挖掘算法工程师
10000-20000/月,http://jobs.51job.com/shenzhen-nsq/78888585.html?s=0,深圳市长亮科技股份有限公司,11-08,深圳-南山区,银行高级数据挖掘分析岗
12000-17000/月,http://jobs.51job.com/fuzhou/81202451.html?s=0,上海博登信息科技有限公司,11-08,福州,数据挖掘算法工程师（福州）
20000-30000/月,http://jobs.51job.com/beijing-hdq/79662721.html?s=0,北京点石经纬科技有限公司,11-08,北京-海淀区,数据挖掘工程师
10000-20000/月,http://jobs.51job.com/hangzhou/67547689.html?s=0,杭州博盾习言科技有限公司,11-08,杭州,数据挖掘工程师
10000-14999/月,http://jobs.51job.com/beijing/67921087.html?s=0,同方知网（北京）技术有限公司,11-08,北京,数据挖掘工程师
4000-8000/月,http://jobs.51job.com/hefei-gxq/81321915.html?s=0,合肥天源迪科信息技术有限公司,11-08,合肥-高新区,校园招聘-数据挖掘工程师
6000-15000/月,http://jobs.51job.com/jinan/80274311.html?s=0,山东全息信息科技有限公司,11-08,济南,数据挖掘岗
10000-14999/月,http://jobs.51job.com/guangzhou-thq/69451190.html?s=0,广东康爱多连锁药店有限公司,11-08,广州-天河区,数据挖掘工程师
10000-14999/月,http://jobs.51job.com/chengdu/41664666.html?s=0,深圳天源迪科信息技术股份有限公司成都办事处,11-08,成都,数据挖掘工程师
8000-9999/月,http://jobs.51job.com/guangzhou-thq/76438302.html?s=0,广州天源迪科信息技术有限公司,11-08,广州-天河区,数据挖掘工程师(初/中/高)
6000-8000/月,http://jobs.51job.com/guiyang/83055442.html?s=0,贵州合友天成信息科技有限公司,11-08,贵阳,数据分析师（数据挖掘）
15000-18000/月,http://jobs.51job.com/beijing-dcq/82959604.html?s=0,深圳天源迪科信息技术股份有限公司北京办事处,11-08,北京-东城区,数据挖掘工程师
25000-29999/月,http://jobs.51job.com/beijing-hdq/81716644.html?s=0,汽车之家,11-08,北京-海淀区,高级数据挖掘工程师
8000-9999/月,http://jobs.51job.com/guiyang/73952111.html?s=0,四川合友科技有限公司,11-08,异地招聘,数据分析师（数据挖掘）
4500-5999/月,http://jobs.51job.com/tianjin/81889925.html?s=0,天津红日药业股份有限公司,11-08,天津,数据挖掘工程师-天津-2017(J10594)
20000-35000/月,http://jobs.51job.com/shanghai-xhq/72349195.html?s=0,上海银橙文化传媒股份有限公司,11-08,上海-徐汇区,数据挖掘架构师（机器学习/职位编号：YC-F050014）
10000-14999/月,http://jobs.51job.com/shanghai-xhq/81641505.html?s=0,Avazu Holding,11-08,上海-徐汇区,机器学习/数据挖掘工程师（仅限2017届毕业生）
10000-14999/月,http://jobs.51job.com/guangzhou-yxq/70377594.html?s=0,南京烽火星空通信发展有限公司,11-08,广州-越秀区,大数据分析工程师（数据挖掘）
10000-14999/月,http://jobs.51job.com/beijing-ftq/73316068.html?s=0,北京一路捞互联网科技有限公司,11-08,北京-丰台区,数据挖掘工程师
15000-19999/月,http://jobs.51job.com/hangzhou/83047539.html?s=0,巴卡斯科技（北京）有限公司杭州分公司,11-08,杭州,数据挖掘工程师
15000-19999/月,http://jobs.51job.com/beijing-hdq/82240623.html?s=0,北京多牛互动传媒股份有限公司,11-08,北京-海淀区,数据挖掘分析工程师
15000+ /月,http://jobs.51job.com/guangzhou/79664620.html?s=0,广州杰赛科技股份有限公司,11-08,广州,高级数据挖掘工程师
1500以下/月,http://jobs.51job.com/fuzhou-tjq/82588098.html?s=0,智恒科技股份有限公司,11-08,福州-台江区,数据挖掘工程师(实习、全职)
10000-15000/月,http://jobs.51job.com/hefei-gxq/74726001.html?s=0,科大讯飞股份有限公司,11-08,合肥-高新区,大数据研究院-数据挖掘算法工程师-合肥
Null,http://jobs.51job.com/beijing-ftq/81101086.html?s=0,房天下（北京）,11-08,北京-丰台区,数据挖掘工程师
15000-19999/月,http://jobs.51job.com/shanghai-xhq/69047216.html?s=0,游族网络,11-08,上海-徐汇区,数据挖掘工程师
10000-14999/月,http://jobs.51job.com/hangzhou-jgq/39463601.html?s=0,浙江鸿程计算机系统有限公司,11-08,杭州-江干区,数据挖掘与分析工程师
20000-24999/月,http://jobs.51job.com/shenzhen-nsq/72641995.html?s=0,广东明阳风电产业集团有限公司,11-08,深圳-南山区,数据挖掘工程师
50000-100000/年,http://jobs.51job.com/beijing-cyq/80611261.html?s=0,YOHO!有货（江苏）商贸服务有限公司,11-08,北京-朝阳区,数据挖掘工程师（应届毕业生/实习生）
15-30/月,http://jobs.51job.com/beijing/75903715.html?s=0,竞技世界（北京）网络技术有限公司,11-08,北京,数据挖掘工程师(TSC)(000620)(000695)
15000-19999/月,http://jobs.51job.com/shenzhen-nsq/78464939.html?s=0,深圳市迅雷网络技术有限公司,11-08,深圳-南山区,账号支付-数据挖掘工程师
25000-29999/月,http://jobs.51job.com/hangzhou/82368080.html?s=0,网易集团,11-08,杭州,资深数据挖掘工程师-新美事业部002
10000-14999/月,http://jobs.51job.com/beijing/77692351.html?s=0,神州数码信息服务股份有限公司,11-08,北京,数据挖掘工程师(005661)
4000-7000/月,http://paic.51job.com/sc/show_job_detail.php?jobid=77914169,中国平安财产保险股份有限公司,11-08,成都-青羊区,数据挖掘与分析岗
13000-25000/月,http://jobs.51job.com/beijing-cyq/76086459.html?s=0,宜信公司,11-08,北京-朝阳区,数据挖掘工程师
6000-30000/月,http://jobs.51job.com/shenzhen/66165156.html?s=0,平安科技（深圳）有限公司,11-08,深圳,数据挖掘工程师（深圳）
Null,http://jobs.51job.com/beijing/83075063.html?s=0,阿里巴巴集团,11-08,北京,神马搜索-数据挖掘工程师
15000-19999/月,http://career.h3c.com/sc/show_job_detail.php?jobid=79788137,杭州华三通信技术有限公司,11-08,杭州,高级数据挖掘工程师
40-50万/年,http://jobs.51job.com/shenzhen-lhq/82458714.html?s=0,中信银行信用卡中心,11-08,深圳-罗湖区,数据挖掘(002452)
10000-14999/月,http://jobs.51job.com/shanghai-xhq/77581420.html?s=0,深圳前海征信中心股份有限公司,11-08,上海-徐汇区,数据挖掘
Null,http://jobs.51job.com/shanghai-xhq/77368994.html?s=0,平安养老保险股份有限公司,11-08,上海-徐汇区,管理系统-数据挖掘高级工程师
10000-14999/月,http://jobs.51job.com/changsha-ylq/80000975.html?s=0,亚信科技（中国）有限公司,11-08,长沙-岳麓区,BI-数据探索产品-数据挖掘工程师-长沙
10000-18000/月,http://jobs.51job.com/xian/79952576.html?s=0,亚信数据BDX,11-08,西安,数据挖掘工程师
30000-39999/月,http://jobs.51job.com/beijing-cyq/83128480.html?s=0,北京悦畅科技有限公司,11-08,北京-朝阳区,高级数据挖掘工程师
15000-19999/月,http://jobs.51job.com/guangzhou-thq/83127049.html?s=0,广州荞麦信息科技有限公司,11-08,广州-天河区,本科数据挖掘学徒
15000-25000/月,http://jobs.51job.com/shanghai-pdxq/83122522.html?s=0,上海理世机器人科技有限公司,11-08,上海-浦东新区,数据挖掘工程师
10-15/月,http://jobs.51job.com/shanghai-hkq/81888657.html?s=0,上海华腾软件系统有限公司,11-07,上海-虹口区,数据挖掘/建模
15000-25000/月,http://jobs.51job.com/shenzhen-lhq/80812818.html?s=0,深圳奇迹智慧网络有限公司,11-07,深圳-罗湖区,数据挖掘分析工程师
7000+ /月,http://jobs.51job.com/chongqing-ybq/76674683.html?s=0,重庆大数据研究院有限公司,11-07,重庆-渝北区,大数据研发工程师（数据挖掘）
15000-18000/月,http://jobs.51job.com/guangzhou-thq/82115704.html?s=0,广东万丈金数信息技术股份有限公司,11-07,广州-天河区,算法与数据挖掘工程师
8000-9999/月,http://jobs.51job.com/guangzhou/80160020.html?s=0,广州数鹏通科技有限公司,11-07,广州,数据挖掘工程师
10-15万/年,http://jobs.51job.com/ningbo-jdq/77815721.html?s=0,宁波中经科技发展有限公司,11-07,宁波-江东区,大数据挖掘工程师
8000-15000/月,http://jobs.51job.com/wuhan/82177525.html?s=0,武汉烽火众智数字技术有限责任公司,11-07,武汉,数据挖掘工程师
15000-30000/月,http://jobs.51job.com/shenzhen-nsq/82141124.html?s=0,深圳市牛鼎丰科技有限公司,11-07,深圳-南山区,高级数据挖掘工程师
8000-20000/月,http://jobs.51job.com/guangzhou/80461021.html?s=0,浩云科技股份有限公司,11-07,广州,数据挖掘工程师
10000-18000/月,http://jobs.51job.com/nanjing-jnq/66439675.html?s=0,南京中新赛克科技有限责任公司,11-07,南京-江宁区,全文检索&数据挖掘研发工程师
20000-24999/月,http://jobs.51job.com/beijing-xcq/81092321.html?s=0,北京腾信卓越咨询有限公司,11-07,北京-西城区,Oracle BIEE平台数据挖掘项目开发（BFGY-ZH）
10000-14999/月,http://jobs.51job.com/beijing-cyq/78780847.html?s=0,北京神州泰岳软件股份有限公司,11-07,北京-朝阳区,数据挖掘工程师-信息安全-研发一部
20000-24999/月,http://jobs.51job.com/beijing-hdq/82883749.html?s=0,百度在线网络技术（北京）有限公司,11-07,北京-海淀区,金融平台部_数据挖掘工程师
20000-24999/月,http://jobs.51job.com/guangzhou-thq/82801001.html?s=0,广州舜飞信息科技股份有限公司,11-07,广州-天河区,数据挖掘工程师
8000-9999/月,http://jobs.51job.com/shanghai/80723819.html?s=0,WeX微汇金融,11-07,上海,数据挖掘工程师
10000-14999/月,http://jobs.51job.com/beijing/64028057.html?s=0,北京中视广信科技有限公司,11-07,北京,数据挖掘工程师
15000-19999/月,http://jobs.51job.com/guangzhou-hzq/79889715.html?s=0,广州云湾信息技术有限公司,11-07,广州-海珠区,数据分析师/数据挖掘（研发方向）
15000-19999/月,http://jobs.51job.com/beijing/81858820.html?s=0,NEC（中国）有限公司,11-07,北京,数据挖掘研究员（中国研究院）
15000-19999/月,http://jobs.51job.com/beijing/80173794.html?s=0,龙信数据（北京）有限公司,11-07,北京,数据挖掘工程师(zs)
10000-14999/月,http://jobs.51job.com/tianjin-nkq/76086598.html?s=0,天津普瑞智能科技有限公司,11-07,天津-南开区,数据挖掘工程师
15000-19999/月,http://jobs.51job.com/hangzhou-xhq/83070669.html?s=0,杭州沃呗网络科技有限公司,11-07,杭州-西湖区,数据挖掘工程师
10-15万/年,http://jobs.51job.com/hangzhou-yhq/78468239.html?s=0,杭州云分身机器人科技有限公司,11-07,杭州-余杭区,数据挖掘/机器学习算法工程师
6000-7999/月,http://jobs.51job.com/beijing/78299556.html?s=0,大连雅谷信息科技有限公司,11-07,异地招聘,数据挖掘工程师
6000-12000/月,http://jobs.51job.com/hangzhou-xhq/82045802.html?s=0,杭州数聚科技有限公司,11-07,杭州-西湖区,建模工程师（数据挖掘、分析）
2000-4000/月,http://jobs.51job.com/hangzhou-jgq/81945779.html?s=0,杭州有数金融信息服务有限公司,11-07,杭州-江干区,数据挖掘工程师（实习生）
8000-15000/月,http://jobs.51job.com/nanjing-yhtq/80688316.html?s=0,南京茂毓通软件科技有限公司,11-07,南京-雨花台区,大数据工程师（数据挖掘/机器学习方向）
7000-12000/月,http://jobs.51job.com/changsha-ylq/78610234.html?s=0,益丰大药房连锁股份有限公司-电商事业部,11-07,长沙-岳麓区,数据挖掘算法工程师
10000-20000/月,http://jobs.51job.com/guangzhou-thq/80789635.html?s=0,广州明朝互动科技股份有限公司,11-07,广州-天河区,数据挖掘工程师
20000-30000/月,http://jobs.51job.com/beijing-hdq/74772701.html?s=0,搜狐媒体,11-07,北京-海淀区,集团总部-大数据中心-高级数据挖掘工程师
Null,http://jobs.51job.com/shanghai/81403355.html?s=0,上海中信信息发展股份有限公司,11-07,上海,数据挖掘工程师（上海）
Null,http://jobs.51job.com/shanghai-ptq/82108153.html?s=0,苏州工业园区凌志软件股份有限公司,11-07,异地招聘,2017届研究生实习岗--数据挖掘，算法
20000-35000/月,http://jobs.51job.com/beijing/65378788.html?s=0,宝宝树（北京）信息技术有限公司,11-07,北京,算法&数据挖掘工程师
10000-20000/月,http://jobs.51job.com/shenzhen-nsq/81189412.html?s=0,深圳市北科瑞声科技股份有限公司,11-07,深圳-南山区,文本数据挖掘工程师
300000-1000000/月,http://jobs.51job.com/hangzhou-bjq/76939214.html?s=0,杭州海康威视数字技术股份有限公司,11-07,杭州-滨江区,大数据挖掘算法专家
15000-25000/月,http://jobs.51job.com/hangzhou/71806017.html?s=0,浙江车果网络科技有限公司,11-07,杭州,数据挖掘分析师
15000-30000/月,http://jobs.51job.com/beijing-dcq/83047811.html?s=0,北京惠福康信息咨询有限公司,11-07,北京-东城区,数据挖掘
8000-13000/月,http://jobs.51job.com/guangzhou-thq/77338275.html?s=0,广东亿迅科技有限公司,11-07,广州-天河区,数据挖掘分析工程师
20-30/月,http://jobs.51job.com/guangdongsheng/77332623.html?s=0,奥飞娱乐股份有限公司,11-07,异地招聘,数据挖掘工程师
3000-4499/月,http://jobs.51job.com/shanghai-ypq/68908597.html?s=0,上海合合信息科技发展有限公司,11-07,上海-杨浦区,数据挖掘
15000-19999/月,http://jobs.51job.com/beijing/78762260.html?s=0,微鲸科技有限公司,11-07,异地招聘,数据挖掘算法工程师
6000-7999/月,http://jobs.51job.com/hangzhou/80046571.html?s=0,深圳市中电华星电子技术有限公司,11-07,杭州,数据挖掘/机器学习开发工程师
15000-25000/月,http://jobs.51job.com/guangzhou-thq/81898837.html?s=0,广州多融信息科技有限公司,11-07,广州-天河区,数据挖掘工程师
4000-6000/月,http://jobs.51job.com/hangzhou-xhq/82253277.html?s=0,杭州高脚马科技有限公司,11-07,杭州-西湖区,数据挖掘师
25000-29999/月,http://jobs.51job.com/beijing-cyq/82678066.html?s=0,深圳市车米云图科技有限公司北京互联网科技分公司,11-07,北京-朝阳区,3W/月诚聘 大数据算法工程师 （Hadoop、数据挖掘）
10000-16000/月,http://jobs.51job.com/shenzhen/68265710.html?s=0,深圳市名通科技股份有限公司,11-07,深圳,大数据挖掘工程师（hadoop）
8000-9999/月,http://jobs.51job.com/wuhan-jhq/81308424.html?s=0,湖北公众信息产业有限责任公司,11-07,武汉-江汉区,数据挖掘工程师
8000-9999/月,http://jobs.51job.com/tianjin-xqq/76863141.html?s=0,天津市普迅电力信息技术有限公司,11-07,天津-西青区,数据挖掘
8000-9999/月,http://jobs.51job.com/beijing-cyq/79019030.html?s=0,北京京创曙光科技有限公司,11-07,北京-朝阳区,数据挖掘
12000-24000/月,http://jobs.51job.com/guangzhou/79757655.html?s=0,广州荔枝网络有限公司,11-07,广州,数据挖掘工程师
8000-9999/月,http://jobs.51job.com/beijing-hdq/74542993.html?s=0,北京华如科技股份有限公司,11-07,北京-海淀区,数据挖掘工程师
8000-15000/月,http://jobs.51job.com/shenzhen-nsq/78706654.html?s=0,深圳市视维科技有限公司,11-07,深圳-南山区,数据挖掘工程师
6000-10000/月,http://jobs.51job.com/shanghai-xhq/72430019.html?s=0,北京众标网络科技有限公司,11-07,上海-徐汇区,数据挖掘助理工程师
10000-300000/月,http://jobs.51job.com/hangzhou-xhq/65192820.html?s=0,杭州多准数据技术有限公司,11-07,杭州-西湖区,高级数据挖掘工程师
8000-9999/月,http://jobs.51job.com/chengdu/73503560.html?s=0,四川鑫涞信息工程有限公司,11-07,成都,数据挖掘咨询顾问
100元/天,http://jobs.51job.com/beijing-cyq/82525555.html?s=0,北京美兰德媒体传播策略咨询有限公司,11-07,北京-朝阳区,数据挖掘实习生
10000-14999/月,http://jobs.51job.com/nanjing/82351784.html?s=0,南京校悦汇电子有限公司,11-07,南京,数据挖掘/爬虫工程师
10000-14999/月,http://jobs.51job.com/shenzhen/81620239.html?s=0,深圳华策辉弘科技有限公司,11-07,深圳,Python数据挖掘工程师
15000-19999/月,http://jobs.51job.com/beijing-ftq/82523719.html?s=0,翰竺科技（北京）有限公司,11-07,北京-丰台区,数据挖掘工程师
15-20万/年,http://jobs.51job.com/nantong/76206354.html?s=0,华耀（中国）科技有限公司,11-08,南通,数据智能科学家（金融数据挖掘）
15000-19999/月,http://jobs.51job.com/shanghai-ptq/81542656.html?s=0,上海信桦普企业征信服务有限公司,11-07,上海-普陀区,高级数据挖掘工程师
10000-14999/月,http://jobs.51job.com/beijing/76532941.html?s=0,北京锐安科技有限公司,11-07,北京,JAVA数据挖掘工程师
20000-40000/月,http://jobs.51job.com/shenzhen/78414585.html?s=0,深圳索信达数据技术股份有限公司,11-07,深圳,数据分析师/数据挖掘师（高级）
8000-16000/月,http://jobs.51job.com/chengdu/74782681.html?s=0,北京思特奇信息技术股份有限公司四川分公司,11-07,成都,大数据业务部门_数据挖掘工程师
7000-15000/月,http://jobs.51job.com/shanghai/72828938.html?s=0,点赞网（dianzan.it）,11-07,上海,数据挖掘
10000-25000/月,http://jobs.51job.com/shanghai-cnq/73957732.html?s=0,上海心麦智能科技有限公司,11-07,上海-长宁区,高级数据挖掘工程师
4000-10000/月,http://jobs.51job.com/nanjing/70111225.html?s=0,孩子王儿童用品股份有限公司,11-07,南京,总部-会员数据挖掘
20000-30000/月,http://jobs.51job.com/shanghai/75495213.html?s=0,上海洋码头网络技术有限公司,11-07,上海,数据挖掘工程师
6000-7999/月,http://jobs.51job.com/beijing-cpq/79771410.html?s=0,北京赛思天成科技有限责任公司,11-07,北京-昌平区,数据挖掘
110000-350000/年,http://jobs.51job.com/shanghai/77201519.html?s=0,上海百联全渠道电子商务有限公司,11-07,上海,数据挖掘工程师
10000-15000/月,http://jobs.51job.com/wuhan-dxhq/68285805.html?s=0,湖北大武传媒科技股份有限公司,11-07,武汉-东西湖区,数据挖掘工程师
5000-15000/月,http://jobs.51job.com/nanjing/80461968.html?s=0,南京合智信息技术有限公司,11-07,南京,数据挖掘工程师
15000-30000/月,http://jobs.51job.com/shanghai/82333432.html?s=0,上海齐家网信息科技股份有限公司,11-07,上海,高级后端工程师（搜索/推荐/数据挖掘方向）
20000-24999/月,http://jobs.51job.com/beijing-hdq/79115214.html?s=0,用友网络科技股份有限公司集团总部,11-07,北京-海淀区,大数据挖掘算法工程师
15000-30000/月,http://jobs.51job.com/beijing-cyq/74042444.html?s=0,北京康智乐思网络科技有限公司,11-07,北京-朝阳区,数据挖掘工程师
10000-14999/月,http://jobs.51job.com/suzhou-gyyq/79616559.html?s=0,苏州贝尔塔数据技术有限公司,11-07,苏州-工业园区,数据挖掘工程师
10000-15000/月,http://jobs.51job.com/beijing/72001197.html?s=0,北京北迈科技股份有限公司,11-07,北京,.net工程师（数据挖掘方向）
10000-14999/月,http://jobs.51job.com/nanjing/79765618.html?s=0,瓯伟嘉工贸有限公司,11-07,南京,数据挖掘工程师（南京）
10-20/月,http://jobs.51job.com/shanghai/79998892.html?s=0,上海天正软件有限公司,11-07,上海,数据挖掘技术专员
7000-9000/月,http://jobs.51job.com/guangzhou/82749662.html?s=0,有米科技股份有限公司,11-07,广州,数据挖掘工程师（校招岗位）
1800-3500/月,http://jobs.51job.com/beijing-hdq/80130288.html?s=0,中国科学院软件研究所,11-07,北京-海淀区,大数据挖掘系统研发实习生
1500以下/月,http://jobs.51job.com/shenzhen-nsq/80783038.html?s=0,TCL通讯科技控股有限公司,11-07,深圳-南山区,数据挖掘高级java工程师
Null,http://jobs.51job.com/shanghai-cnq/76733785.html?s=0,携程旅行网支持区,11-07,上海-长宁区,数据挖掘工程师
Null,http://jobs.51job.com/beijing/78476533.html?s=0,北京银港科技有限公司,11-07,北京,数据挖掘工程师
4500-5999/月,http://jobs.51job.com/xian/75978293.html?s=0,陕西中海华晟信息技术有限公司,11-07,西安,数据挖掘/分析工程师
20000-35000/月,http://jobs.51job.com/hangzhou/72764431.html?s=0,杭州泰一传媒有限公司,11-07,杭州,数据挖掘工程师(000418)
4000-8000/月,http://jobs.51job.com/guangzhou/73229734.html?s=0,广州动通互联网金融信息服务有限公司,11-07,广州,金融大数据挖掘工程师
4500-5999/月,http://jobs.51job.com/fuzhou-csq/81849874.html?s=0,北京科莱特信息技术有限公司,11-07,福州-仓山区,数据挖掘专员（高薪 五险一金 双休）
10000-14999/月,http://jobs.51job.com/shanghai-hpq/79647990.html?s=0,上海伟品资产管理有限公司,11-07,上海-黄浦区,数据挖掘工程师
10000-14999/月,http://jobs.51job.com/hangzhou/75433872.html?s=0,浙江运达风电股份有限公司,11-07,杭州,数据挖掘工程师（数据分析工程师）
100000-300000/年,http://jobs.51job.com/beijing-cyq/75568582.html?s=0,北京卓思天成数据咨询股份有限公司,11-07,北京-朝阳区,数据挖掘工程师
12000-20000/月,http://jobs.51job.com/chengdu/82096084.html?s=0,成都数联铭品科技有限公司,11-07,成都,中/高级数据挖掘工程师
15-20万/年,http://jobs.51job.com/shanghai/75394754.html?s=0,埃提斯生物技术（上海）有限公司,11-07,上海,数据挖掘工程师
20000-25000/月,http://jobs.51job.com/beijing/80927987.html?s=0,深圳市普兰软件有限公司,11-07,北京,高级数据挖掘工程师
20000-24999/月,http://jobs.51job.com/fuzhou/80141724.html?s=0,上海音达科技实业有限公司,11-07,福州,数据挖掘算法工程师（福州）
10000-14999/月,http://jobs.51job.com/suzhou-gyyq/59326954.html?s=0,苏州国云数据科技有限公司,11-07,苏州-工业园区,数据挖掘工程师
10000-14999/月,http://jobs.51job.com/shenzhen-lhq/80940474.html?s=0,深圳市鑫荣懋农产品股份有限公司,11-07,深圳-罗湖区,数据挖掘工程师
30-40万/年,http://jobs.51job.com/shanghai/75294433.html?s=0,传音控股上海研发中心,11-07,上海,数据挖掘专家（移动互联）
5000-99999/月,http://jobs.51job.com/shanghai-pdxq/63235310.html?s=0,卡得万利商业保理有限公司,11-07,上海-浦东新区,高级工程师（数据挖掘）
5000-15000/月,http://jobs.51job.com/tianjin-hdq/77067293.html?s=0,德信东源智能科技（北京）有限公司,11-07,天津-河东区,大数据挖掘工程师
10000-14999/月,http://jobs.51job.com/beijing-hdq/80915009.html?s=0,北京中创信测科技股份有限公司,11-07,北京-海淀区,数据挖掘工程师（数洋智慧）
10000-14999/月,http://jobs.51job.com/shenzhen-ftq/71247538.html?s=0,华林证券股份有限公司,11-07,深圳-福田区,数据挖掘岗
10000+ /月,http://jobs.51job.com/shenzhen/75081669.html?s=0,国家超级计算深圳中心（深圳云计算中心）,11-07,深圳,数据挖掘
20000-24999/月,http://jobs.51job.com/shenzhen-nsq/81046741.html?s=0,招商银行股份有限公司信用卡中心,11-07,深圳-南山区,数据挖掘工程师
4500-5999/月,http://jobs.51job.com/guangzhou-hpq/76162836.html?s=0,广州市宝爵钟表有限公司,11-07,广州-黄埔区,数据分析专员/数据挖掘
4500-5999/月,http://jobs.51job.com/tianjin/64570673.html?s=0,福安易数据技术（天津）有限公司,11-07,天津,数据挖掘分析员
5000-10000/月,http://jobs.51job.com/wuxi/77719307.html?s=0,无锡知谷网络科技有限公司,11-07,无锡,产品经理（数据挖掘方向）
8000-9999/月,http://jobs.51job.com/beijing-cyq/80148442.html?s=0,方正宽带网络服务有限公司,11-07,北京-朝阳区,数据挖掘工程师(000924)
8000-20000/月,http://jobs.51job.com/shanghai-pdxq/77493749.html?s=0,上海挈引信息技术有限公司,11-07,上海-浦东新区,数据挖掘工程师
Null,http://jobs.51job.com/beihai/77726141.html?s=0,北部湾旅游股份有限公司,11-07,北海,数据挖掘/数据分析专员
5000-15000/月,http://jobs.51job.com/guangzhou/75109176.html?s=0,广州智数信息技术有限公司,11-08,广州,高级数据挖掘工程师
1500-1999/月,http://jobs.51job.com/wuxi-hsq/76468864.html?s=0,江苏大件无忧物流科技发展有限公司,11-07,无锡-惠山区,数据挖掘实习生
6000-12000/月,http://jobs.51job.com/hangzhou-xhq/74393023.html?s=0,浙江银江研究院有限公司,11-07,杭州-西湖区,数据挖掘工程师
6000-7999/月,http://jobs.51job.com/hefei-gxq/81394911.html?s=0,安徽科力信息产业有限责任公司,11-07,异地招聘,2017校招-数据挖掘工程师
4500-5999/月,http://jobs.51job.com/chongqing/73082805.html?s=0,重庆康洲大数据有限公司,11-07,重庆,数据挖掘工程师
Null,http://jobs.51job.com/shenzhen/80843456.html?s=0,深圳市腾讯计算机系统有限公司,11-07,深圳,MIG03-数据挖掘工程师（深圳）
8000-10000/月,http://jobs.51job.com/beijing-cyq/83091100.html?s=0,中科宇图科技股份有限公司,11-07,北京-朝阳区,数据挖掘工程师（实习）
20000-24999/月,http://jobs.51job.com/beijing-hdq/79408925.html?s=0,北京酷划在线网络技术有限公司,11-06,北京-海淀区,数据挖掘
15000-19999/月,http://jobs.51job.com/chengdu/83040759.html?s=0,深圳普惠快信金融服务有限公司,11-06,成都,数据挖掘工程
20000-30000/月,http://jobs.51job.com/shanghai-xhq/80786492.html?s=0,上海希楷实业有限公司,11-06,上海-徐汇区,数据挖掘工程师
10000-30000/月,http://jobs.51job.com/hangzhou/78035012.html?s=0,杭州拓云计算机信息系统有限公司,11-06,杭州,数据挖掘工程师
10-15万/年,http://jobs.51job.com/guangzhou-pyq/75421203.html?s=0,广州华夏经纬市场调查有限公司,11-06,广州-番禺区,数据挖掘工程师
10000-14999/月,http://jobs.51job.com/shanghai-pdxq/59623331.html?s=0,杭州海康威视数字技术股份有限公司上海研发分公司,11-06,上海-浦东新区,数据挖掘工程师
100000-300000/年,http://jobs.51job.com/guangzhou/83019627.html?s=0,广东简聘网信息技术有限公司,11-05,广州,数据挖掘工程师
12000-20000/月,http://jobs.51job.com/guangzhou-thq/80879708.html?s=0,广州邢帅教育科技有限公司,11-05,广州-天河区,数据挖掘分析师
8000-9999/月,http://jobs.51job.com/zhuhai/66361077.html?s=0,珠海格力电器股份有限公司,11-05,珠海,大数据挖掘工程师
8000-9999/月,http://jobs.51job.com/chengdu/78030552.html?s=0,四川久远银海软件股份有限公司,11-05,成都,数据挖掘工程师
9000-15000/月,http://jobs.51job.com/chongqing-ybq/76775959.html?s=0,思建科技有限公司,11-05,重庆-渝北区,中级数据挖掘算法工程师
8000-12000/月,http://jobs.51job.com/shenzhen-nsq/78812407.html?s=0,深圳市赛瑞产业研究有限公司,11-05,深圳-南山区,大数据挖掘工程师
1500-30000/月,http://jobs.51job.com/beijing-cyq/83011237.html?s=0,360金融,11-05,北京-朝阳区,数据挖掘岗
15000-19999/月,http://jobs.51job.com/shanghai-bsq/80468950.html?s=0,嘉丰瑞德（上海）投资管理咨询有限公司,11-04,上海-宝山区,数据挖掘工程师
10000-25000/月,http://jobs.51job.com/chengdu-gxq/80175799.html?s=0,客如云科技（北京）股份有限公司,11-04,成都-高新区,数据挖掘工程师
8000-9999/月,http://jobs.51job.com/hefei/49447374.html?s=0,安徽博约信息科技股份有限公司,11-04,合肥,数据挖掘工程师
10000-14999/月,http://jobs.51job.com/shanghai/80540749.html?s=0,润东汽车集团有限公司,11-04,上海,数据挖掘
12000-20000/月,http://jobs.51job.com/shanghai/80703845.html?s=0,史泰博（上海）有限公司,11-04,上海,数据挖掘工程师 / Data Mining Engineer
13000-25000/月,http://jobs.51job.com/beijing/82153994.html?s=0,中诚信征信有限公司,11-04,北京,数据挖掘
30000-39999/月,http://jobs.51job.com/beijing-cyq/82599015.html?s=0,优信拍（北京）信息科技有限公司,11-04,北京-朝阳区,数据挖掘工程师（偏算法）-北京-04944
4000-8000/月,http://jobs.51job.com/guangzhou-lgq/75482986.html?s=0,广州复能基因有限公司,11-04,广州-萝岗区,数据挖掘工程师
15000-30000/月,http://jobs.51job.com/shenzhen-nsq/70851555.html?s=0,深圳市傲天科技股份有限公司,11-04,深圳-南山区,（大数据）数据挖掘工程师
10000-14999/月,http://jobs.51job.com/beijing-sjsq/78739308.html?s=0,北京广视通达数字网络科技有限公司,11-04,北京-石景山区,数据挖掘工程师
10000-14999/月,http://jobs.51job.com/shanghai-jaq/78122407.html?s=0,上海聚告德业广告有限公司,11-04,上海-静安区,数据挖掘工程师
10000-20000/月,http://jobs.51job.com/nanjing/78904703.html?s=0,北京普远天成科技有限公司,11-04,异地招聘,数据挖掘工程师
10000-14999/月,http://jobs.51job.com/chengdu/80361567.html?s=0,成都市映潮科技股份有限公司,11-04,成都,数据挖掘工程师
10000-14999/月,http://jobs.51job.com/beijing-hdq/77466756.html?s=0,北京中广格兰信息科技有限公司,11-04,北京-海淀区,大数据部-用户数据挖掘
8000-9999/月,http://jobs.51job.com/guangzhou-thq/67934723.html?s=0,广州市健坤网络科技发展有限公司,11-08,广州-天河区,数据挖掘分析师
10000-14999/月,http://jobs.51job.com/beijing-dxq/81690815.html?s=0,京东商城,11-04,北京-大兴区,数据挖掘工程师-新编(013999)
5999-9999/月,http://jobs.51job.com/shanghai-cnq/78180439.html?s=0,上海慧连信息技术有限公司,11-04,上海-长宁区,数据挖掘
8000-15000/月,http://jobs.51job.com/guangzhou/82594444.html?s=0,广州八百方信息技术有限公司,11-04,广州,数据挖掘工程师
25000-50000/月,http://jobs.51job.com/guangzhou/78216873.html?s=0,鑫嘉居照明有限公司,11-04,异地招聘,大数据挖掘工程师
15000-20000/月,http://jobs.51job.com/guangzhou/66248618.html?s=0,找塑料网,11-03,广州,数据挖掘 六险一金
9000-16000/月,http://jobs.51job.com/beijing-hdq/70822637.html?s=0,飞立股份有限公司,11-03,北京-海淀区,数据挖掘工程师
8-10万/年,http://jobs.51job.com/hefei/71281840.html?s=0,安徽省志鹄信息科技有限公司,11-03,合肥,商务智能数据挖掘工程师
10000-20000/月,http://jobs.51job.com/beijing/75330698.html?s=0,北京易鑫信息科技有限公司,11-03,北京,数据分析师/数据挖掘
7000-12000/月,http://jobs.51job.com/shanghai/66220266.html?s=0,上海三零卫士信息安全有限公司,11-03,上海,数据挖掘工程师
10000-14999/月,http://jobs.51job.com/beijing-hdq/81332330.html?s=0,精硕世纪科技（北京）有限公司,11-03,北京-海淀区,数据挖掘工程师
25000-35000/月,http://jobs.51job.com/beijing-cyq/82844389.html?s=0,北京崔玉涛儿童健康管理中心有限公司,11-03,北京-朝阳区,数据挖掘
15-20万/年,http://jobs.51job.com/wuhan/65988969.html?s=0,武汉虹旭信息技术有限责任公司,11-03,武汉,数据挖掘工程师
15000-19999/月,http://jobs.51job.com/beijing/60391051.html?s=0,北京集奥聚合科技有限公司,11-03,北京,数据挖掘工程师
2000-4000/月,http://jobs.51job.com/shanghai-ptq/77033081.html?s=0,上海胜数企业管理咨询服务有限公司,11-03,上海-普陀区,数据挖掘实习生
40-50万/年,http://jobs.51job.com/shenzhen-nsq/77171990.html?s=0,深圳前海增信通信息服务有限公司,11-03,深圳-南山区,首席数据挖掘分析师
8000-9999/月,http://jobs.51job.com/beijing/80901492.html?s=0,融中集团,11-03,北京,数据挖掘工程师
15000-19999/月,http://jobs.51job.com/shenzhen/76349505.html?s=0,深圳光启高等理工研究院,11-03,深圳,机器人 人工智能 机器学习 数据挖掘 高级算法工程师
10000-14999/月,http://jobs.51job.com/shanghai-ypq/72915418.html?s=0,上海吉贝克信息技术有限公司,11-03,上海-杨浦区,数据挖掘工程师
20-30万/年,http://jobs.51job.com/guangzhou/78020120.html?s=0,广州立白企业集团有限公司,11-03,广州,IT需求分析工程师（数据挖掘方向）
15-20万/年,http://jobs.51job.com/hangzhou/66353506.html?s=0,杭州诚道科技股份有限公司,11-03,杭州,数据挖掘工程师
15000-19999/月,http://jobs.51job.com/guangzhou/82670240.html?s=0,有宠集团,11-03,广州,数据挖掘工程师
25000-29999/月,http://jobs.51job.com/hangzhou-bjq/82770790.html?s=0,杭州惠誉信息科技有限公司,11-03,杭州-滨江区,数据挖掘建模工程师
10000-14999/月,http://jobs.51job.com/dalian-gxyq/82073263.html?s=0,微神马科技（大连）有限公司,11-03,大连-高新园区,风控大数据架构师/大数据架构师/大数据挖掘
